title,release_year,runtime_minutes,imdb_rating,Meta_score,No_of_Votes,Genre
Apollo 13,,140,7.6,77,269197,"Adventure, Drama, History"
The 39 Steps,1935,86,7.6,93,51853,"Crime, Mystery, Thriller"
Lifeboat,1944,97,7.6,78,26471,"Drama, War"
From Here to Eternity,1953,118,7.6,85,43374,"Drama, Romance, War"
Giant,1956,201,7.6,84,34075,"Drama, Western"
Breakfast at Tiffany's,1961,115,7.6,76,166544,"Comedy, Drama, Romance"
A Hard Day's Night,1964,87,7.6,96,40351,"Comedy, Music, Musical"
Blowup,1966,111,7.6,82,56513,"Drama, Mystery, Thriller"
The Jungle Book,1967,78,7.6,65,166409,"Animation, Adventure, Family"
Kelly's Heroes,1970,144,7.6,50,45338,"Adventure, Comedy, War"
Giù la testa,1971,157,7.6,77,30144,"Drama, War, Western"
The Long Goodbye,1973,112,7.6,87,26337,"Comedy, Crime, Drama"
Close Encounters of the Third Kind,1977,138,7.6,90,184966,"Drama, Sci-Fi"
Midnight Express,1978,121,7.6,59,73662,"Biography, Crime, Drama"
Watership Down,1978,91,7.6,64,33656,"Animation, Adventure, Drama"
Escape from Alcatraz,1979,112,7.6,76,121731,"Action, Biography, Crime"
The Muppet Movie,1979,95,7.6,74,32802,"Adventure, Comedy, Family"
The Warriors,1979,92,7.6,65,93878,"Action, Crime, Thriller"
Mad Max 2,1981,96,7.6,77,166588,"Action, Adventure, Sci-Fi"
On Golden Pond,1981,109,7.6,68,27650,Drama
Blood Simple,1984,99,7.6,82,87745,"Crime, Drama, Thriller"
Lethal Weapon,1987,109,7.6,68,236894,"Action, Crime, Thriller"
"Planes, Trains & Automobiles",1987,93,7.6,72,124773,"Comedy, Drama"
The Naked Gun: From the Files of Police Squad!,1988,85,7.6,76,152871,"Comedy, Crime"
When Harry Met Sally...,1989,95,7.6,76,195663,"Comedy, Drama, Romance"
The Little Mermaid,1989,83,7.6,88,237696,"Animation, Family, Fantasy"
The Godfather: Part III,1990,162,7.6,60,359809,"Crime, Drama"
Home Alone,1990,103,7.6,63,488817,"Comedy, Family"
Delicatessen,1991,99,7.6,66,80487,"Comedy, Crime"
Omohide poro poro,1991,118,7.6,90,27071,"Animation, Drama, Romance"
My Cousin Vinny,1992,120,7.6,68,107325,"Comedy, Crime"
Dazed and Confused,1993,102,7.6,78,165465,Comedy
Falling Down,1993,113,7.6,56,171640,"Action, Crime, Drama"
Trois couleurs: Blanc,1994,92,7.6,88,64390,"Comedy, Drama, Romance"
Dead Man,1995,121,7.6,62,90442,"Adventure, Drama, Fantasy"
Die Hard: With a Vengeance,1995,128,7.6,58,364420,"Action, Adventure, Thriller"
Sense and Sensibility,1995,136,7.6,84,102598,"Drama, Romance"
The Bridges of Madison County,1995,135,7.6,69,73172,"Drama, Romance"
Sleepers,1996,147,7.6,49,186734,"Crime, Drama, Thriller"
Lost Highway,1997,134,7.6,52,131101,"Mystery, Thriller"
Funny Games,1997,108,7.6,69,65058,"Crime, Drama, Thriller"
Mulan,1998,88,7.6,71,256906,"Animation, Adventure, Family"
Lola rennt,1998,81,7.6,77,188317,"Crime, Drama, Thriller"
The Thin Red Line,1998,170,7.6,78,172710,"Drama, War"
Fear and Loathing in Las Vegas,1998,118,7.6,41,259753,"Adventure, Comedy, Drama"
Dark City,1998,100,7.6,66,187927,"Mystery, Sci-Fi, Thriller"
The Hurricane,1999,146,7.6,74,91557,"Biography, Drama, Sport"
Batoru rowaiaru,2000,114,7.6,81,169091,"Action, Adventure, Drama"
American Psycho,2000,101,7.6,64,490062,"Comedy, Crime, Drama"
The Royal Tenenbaums,2001,110,7.6,76,266842,"Comedy, Drama"
Y tu mamá también,2001,106,7.6,88,115827,Drama
Harry Potter and the Sorcerer's Stone,2001,152,7.6,64,658185,"Adventure, Family, Fantasy"
Enemy at the Gates,2001,131,7.6,53,243729,"Drama, History, War"
The Others,2001,101,7.6,74,337651,"Horror, Mystery, Thriller"
Blow,2001,124,7.6,52,240714,"Biography, Crime, Drama"
Minority Report,2002,145,7.6,80,508417,"Action, Crime, Mystery"
25th Hour,2002,135,7.6,68,169708,Drama
Boksuneun naui geot,2002,129,7.6,56,62659,"Crime, Drama, Thriller"
28 Days Later...,2002,113,7.6,73,376853,"Drama, Horror, Sci-Fi"
21 Grams,2003,124,7.6,70,224545,"Crime, Drama, Thriller"
The Station Agent,2003,89,7.6,81,67370,"Comedy, Drama"
Jeux d'enfants,2003,93,7.6,45,67360,"Comedy, Drama, Romance"
Dead Man's Shoes,2004,90,7.6,52,49728,"Crime, Drama, Thriller"
Un long dimanche de fiançailles,2004,133,7.6,76,70925,"Drama, Mystery, Romance"
Saw,2004,103,7.6,46,379020,"Horror, Mystery, Thriller"
The Butterfly Effect,2004,113,7.6,30,451479,"Drama, Sci-Fi, Thriller"
Finding Neverland,2004,106,7.6,67,198677,"Biography, Drama, Family"
Mysterious Skin,2004,105,7.6,73,65939,Drama
Lord of War,2005,122,7.6,62,294140,"Action, Crime, Drama"
Match Point,2005,124,7.6,72,206294,"Drama, Romance, Thriller"
Huo Yuan Jia,2006,104,7.6,70,72863,"Action, Biography, Drama"
The Illusionist,2006,110,7.6,68,354728,"Drama, Fantasy, Mystery"
300,2006,117,7.6,52,732876,"Action, Drama"
Inside Man,2006,129,7.6,76,339757,"Crime, Drama, Mystery"
Stardust,2007,127,7.6,66,255036,"Adventure, Family, Fantasy"
La Vie En Rose,2007,140,7.6,66,82781,"Biography, Drama, Music"
Gone Baby Gone,2007,114,7.6,72,250590,"Crime, Drama, Mystery"
The Visitor,2007,104,7.6,79,41544,Drama
Eastern Promises,2007,100,7.6,82,227760,"Action, Crime, Drama"
Seven Pounds,2008,123,7.6,36,286770,Drama
"Synecdoche, New York",2008,124,7.6,67,83158,Drama
Die Welle,2008,107,7.6,,102742,"Drama, Thriller"
Zombieland,2009,88,7.6,73,520041,"Adventure, Comedy, Fantasy"
Harry Potter and the Half-Blood Prince,2009,153,7.6,78,474827,"Action, Adventure, Family"
Sherlock Holmes,2009,128,7.6,57,583158,"Action, Adventure, Mystery"
The Blind Side,2009,129,7.6,53,293266,"Biography, Drama, Sport"
Celda 211,2009,113,7.6,,63882,"Action, Adventure, Crime"
The Secret of Kells,2009,71,7.6,81,31779,"Animation, Adventure, Family"
Watchmen,2009,162,7.6,56,500799,"Action, Drama, Mystery"
Kick-Ass,2010,117,7.6,66,524081,"Action, Comedy, Crime"
True Grit,2010,110,7.6,80,311822,"Drama, Western"
Hævnen,2010,118,7.6,65,38491,"Drama, Romance"
Despicable Me,2010,95,7.6,72,500851,"Animation, Comedy, Crime"
Kari-gurashi no Arietti,2010,94,7.6,80,80939,"Animation, Adventure, Family"
Serbuan maut,2011,101,7.6,73,190531,"Action, Thriller"
La piel que habito,2011,120,7.6,70,138959,"Drama, Horror, Thriller"
Moneyball,2011,133,7.6,87,369529,"Biography, Drama, Sport"
50/50,2011,100,7.6,72,315426,"Comedy, Drama, Romance"
End of Watch,2012,109,7.6,68,228132,"Action, Crime, Drama"
El cuerpo,2012,112,7.6,,57549,"Mystery, Thriller"
Philomena,2013,98,7.6,77,94212,"Biography, Comedy, Drama"
Dawn of the Planet of the Apes,2014,130,7.6,79,411599,"Action, Adventure, Drama"
Leviafan,2014,140,7.6,92,49397,"Crime, Drama"
Bridge of Spies,2015,142,7.6,81,287659,"Drama, History, Thriller"
Creed,2015,133,7.6,82,247666,"Drama, Sport"
Sicario,2015,121,7.6,82,371291,"Action, Crime, Drama"
Mustang,2015,97,7.6,83,35785,Drama
Victoria,2015,138,7.6,77,52903,"Crime, Drama, Romance"
Hell or High Water,2016,102,7.6,88,204175,"Action, Crime, Drama"
Moana,2016,107,7.6,81,272784,"Animation, Adventure, Comedy"
Nelyubov,2017,127,7.6,86,29765,Drama
Only the Brave,2017,134,7.6,72,58371,"Action, Biography, Drama"
Baby Driver,2017,113,7.6,86,439406,"Action, Crime, Drama"
Guardians of the Galaxy Vol. 2,2017,136,7.6,67,569974,"Action, Adventure, Comedy"
The Florida Project,2017,111,7.6,92,95181,Drama
Gifted,2017,101,7.6,60,99643,Drama
Incredibles 2,2018,118,7.6,80,250057,"Animation, Action, Adventure"
A Star Is Born,2018,136,7.6,88,334312,"Drama, Music, Romance"
Searching,2018,102,7.6,71,140840,"Drama, Mystery, Thriller"
The Peanut Butter Falcon,2019,97,7.6,70,66346,"Adventure, Comedy, Drama"
Dark Waters,2019,126,7.6,73,60408,"Biography, Drama, History"
Just Mercy,2019,137,7.6,68,46739,"Biography, Crime, Drama"
Once Upon a Time... in Hollywood,2019,161,7.6,83,551309,"Comedy, Drama"
The Invisible Man,1933,71,7.7,87,30683,"Horror, Sci-Fi"
Fantasia,1940,125,7.7,96,88662,"Animation, Family, Fantasy"
Gilda,1946,110,7.7,,27991,"Drama, Film-Noir, Romance"
The African Queen,1951,105,7.7,91,71481,"Adventure, Drama, Romance"
The Day the Earth Stood Still,1951,92,7.7,,76315,"Drama, Sci-Fi"
The Quiet Man,1952,129,7.7,,34677,"Comedy, Drama, Romance"
Sabrina,1954,113,7.7,72,59415,"Comedy, Drama, Romance"
The Ladykillers,1955,91,7.7,91,26464,"Comedy, Crime"
Rebel Without a Cause,1955,111,7.7,89,83363,Drama
Invasion of the Body Snatchers,1956,80,7.7,92,44839,"Drama, Horror, Sci-Fi"
Peeping Tom,1960,101,7.7,,31354,"Drama, Horror, Thriller"
Les yeux sans visage,1960,90,7.7,90,27620,"Drama, Horror"
The Magnificent Seven,1960,128,7.7,74,87719,"Action, Adventure, Western"
Cape Fear,1962,106,7.7,76,26457,"Drama, Thriller"
The Birds,1963,119,7.7,90,171739,"Drama, Horror, Mystery"
Zulu,1964,138,7.7,77,35999,"Drama, History, War"
Goldfinger,1964,110,7.7,87,174119,"Action, Adventure, Thriller"
Repulsion,1965,105,7.7,91,48883,"Drama, Horror, Thriller"
A Man for All Seasons,1966,120,7.7,72,31222,"Biography, Drama, History"
Belle de jour,1967,100,7.7,,40274,"Drama, Romance"
The Dirty Dozen,1967,150,7.7,73,67183,"Action, Adventure, War"
Where Eagles Dare,1968,158,7.7,63,51913,"Action, Adventure, War"
The Odd Couple,1968,105,7.7,86,31572,Comedy
Dirty Harry,1971,102,7.7,90,143292,"Action, Crime, Thriller"
The French Connection,1971,104,7.7,94,110075,"Action, Crime, Drama"
Deliverance,1972,109,7.7,80,98740,"Adventure, Drama, Thriller"
Serpico,1973,130,7.7,87,109941,"Biography, Crime, Drama"
Enter the Dragon,1973,102,7.7,83,96561,"Action, Crime, Drama"
Blazing Saddles,1974,93,7.7,73,125993,"Comedy, Western"
The Taking of Pelham One Two Three,1974,104,7.7,68,26729,"Action, Crime, Thriller"
Love and Death,1975,85,7.7,89,36037,"Comedy, War"
Le locataire,1976,126,7.7,71,39889,"Drama, Thriller"
Halloween,1978,91,7.7,87,233106,"Horror, Thriller"
Rupan sansei: Kariosutoro no shiro,1979,100,7.7,71,27014,"Animation, Adventure, Family"
Ordinary People,1980,124,7.7,86,47099,Drama
Airplane!,1980,88,7.7,78,214882,Comedy
Star Trek II: The Wrath of Khan,1982,113,7.7,67,112704,"Action, Adventure, Sci-Fi"
First Blood,1982,93,7.7,61,226541,"Action, Adventure"
The Verdict,1982,129,7.7,77,36096,Drama
Zelig,1983,79,7.7,,39881,Comedy
The Purple Rose of Cairo,1985,82,7.7,75,47102,"Comedy, Fantasy, Romance"
After Hours,1985,97,7.7,90,59635,"Comedy, Crime, Drama"
Der Name der Rose,1986,130,7.7,54,102031,"Crime, Drama, Mystery"
Blue Velvet,1986,120,7.7,76,181285,"Drama, Mystery, Thriller"
Empire of the Sun,1987,153,7.7,62,115677,"Action, Drama, History"
The Last Emperor,1987,163,7.7,76,94326,"Biography, Drama, History"
Withnail & I,1987,107,7.7,84,40396,"Comedy, Drama"
Spoorloos,1988,107,7.7,,33982,"Mystery, Thriller"
Who Framed Roger Rabbit,1988,104,7.7,83,182009,"Animation, Adventure, Comedy"
Miller's Crossing,1990,115,7.7,66,125822,"Crime, Drama, Thriller"
Fried Green Tomatoes,1991,130,7.7,64,66941,Drama
Barton Fink,1991,116,7.7,69,113240,"Comedy, Drama, Thriller"
Glengarry Glen Ross,1992,100,7.7,82,95826,"Crime, Drama, Mystery"
The Muppet Christmas Carol,1992,85,7.7,64,50298,"Comedy, Drama, Family"
The Last of the Mohicans,1992,112,7.7,76,150409,"Action, Adventure, Drama"
Kurenai no buta,1992,94,7.7,83,77798,"Animation, Adventure, Comedy"
A Few Good Men,1992,138,7.7,62,235388,"Drama, Thriller"
Malcolm X,1992,202,7.7,73,85819,"Biography, Drama, History"
Philadelphia,1993,125,7.7,66,224169,Drama
Short Cuts,1993,188,7.7,79,42275,"Comedy, Drama"
Clerks,1994,92,7.7,70,211450,Comedy
Il postino,1994,108,7.7,81,33600,"Biography, Comedy, Drama"
A Little Princess,1995,97,7.7,83,32236,"Drama, Family, Fantasy"
Do lok tin si,1995,99,7.7,71,26429,"Comedy, Crime, Drama"
Shine,1996,105,7.7,87,51350,"Biography, Drama, Music"
Primal Fear,1996,129,7.7,47,189716,"Crime, Drama, Mystery"
Hamlet,1996,242,7.7,,35991,Drama
The Fifth Element,1997,126,7.7,52,434125,"Action, Adventure, Sci-Fi"
As Good as It Gets,1997,139,7.7,67,275755,"Comedy, Drama, Romance"
Abre los ojos,1997,119,7.7,,64082,"Drama, Mystery, Sci-Fi"
Donnie Brasco,1997,127,7.7,76,279318,"Biography, Crime, Drama"
Le dîner de cons,1998,80,7.7,73,37424,Comedy
Rushmore,1998,93,7.7,86,169229,"Comedy, Drama, Romance"
Happiness,1998,134,7.7,81,66408,"Comedy, Drama"
Being John Malkovich,1999,113,7.7,90,312542,"Comedy, Drama, Fantasy"
Office Space,1999,89,7.7,68,241575,Comedy
"South Park: Bigger, Longer & Uncut",1999,81,7.7,73,192112,"Animation, Comedy, Fantasy"
Vampire Hunter D: Bloodlust,2000,103,7.7,62,29210,"Animation, Action, Fantasy"
"O Brother, Where Art Thou?",2000,107,7.7,69,286742,"Adventure, Comedy, Crime"
Billy Elliot,2000,110,7.7,74,126770,"Drama, Music"
Black Hawk Down,2001,144,7.7,74,364254,"Drama, History, War"
I Am Sam,2001,132,7.7,28,142863,Drama
Ocean's Eleven,2001,116,7.7,74,516372,"Crime, Thriller"
Hedwig and the Angry Inch,2001,95,7.7,85,31957,"Comedy, Drama, Music"
Training Day,2001,122,7.7,69,390247,"Crime, Drama, Thriller"
Das Experiment,2001,120,7.7,60,90842,"Drama, Thriller"
Interstate 60: Episodes of the Road,2002,116,7.7,,29999,"Adventure, Comedy, Drama"
Adaptation.,2002,115,7.7,83,178565,"Comedy, Drama"
In America,2002,105,7.7,76,40403,Drama
The Magdalene Sisters,2002,114,7.7,83,25938,Drama
Road to Perdition,2002,117,7.7,72,246840,"Crime, Drama, Thriller"
Lost in Translation,2003,102,7.7,89,415074,"Comedy, Drama"
Good Bye Lenin!,2003,121,7.7,68,137981,"Comedy, Drama, Romance"
The Last Samurai,2003,154,7.7,55,400049,"Action, Drama"
The Machinist,2004,101,7.7,61,358432,"Drama, Thriller"
The Bourne Supremacy,2004,108,7.7,73,434841,"Action, Mystery, Thriller"
Ray,2004,152,7.7,73,138356,"Biography, Drama, Music"
Kung fu,2004,99,7.7,78,127250,"Action, Comedy, Fantasy"
Crash,2004,112,7.7,66,419483,"Crime, Drama, Thriller"
Man on Fire,2004,146,7.7,47,329592,"Action, Crime, Drama"
Harry Potter and the Goblet of Fire,2005,157,7.7,81,548619,"Adventure, Family, Fantasy"
Brokeback Mountain,2005,134,7.7,87,323103,"Drama, Romance"
Joyeux Noël,2005,116,7.7,70,28003,"Drama, History, Music"
Papurika,2006,90,7.7,81,71379,"Animation, Drama, Fantasy"
The Last King of Scotland,2006,123,7.7,74,175355,"Biography, Drama, History"
Toki o kakeru shôjo,2006,98,7.7,,60368,"Animation, Adventure, Comedy"
Zwartboek,2006,145,7.7,71,72643,"Drama, Thriller, War"
Lucky Number Slevin,2006,110,7.7,53,299524,"Action, Crime, Drama"
Efter brylluppet,2006,120,7.7,78,32001,Drama
Death Note: Desu nôto,2006,126,7.7,,28630,"Crime, Drama, Fantasy"
This Is England,2006,101,7.7,86,115576,"Crime, Drama"
Zodiac,2007,157,7.7,78,466080,"Crime, Drama, Mystery"
3:10 to Yuma,2007,122,7.7,76,288797,"Action, Crime, Drama"
Control,2007,122,7.7,78,61609,"Biography, Drama, Music"
Changeling,2008,141,7.7,63,239203,"Biography, Crime, Drama"
Frost/Nixon,2008,122,7.7,80,103330,"Biography, Drama, History"
Gake no ue no Ponyo,2008,101,7.7,86,125317,"Animation, Adventure, Comedy"
Coraline,2009,100,7.7,80,197761,"Animation, Drama, Family"
(500) Days of Summer,2009,95,7.7,76,472242,"Comedy, Drama, Romance"
The Hangover,2009,100,7.7,73,717559,Comedy
Tangled,2010,100,7.7,71,405922,"Animation, Adventure, Comedy"
Harry Potter and the Deathly Hallows: Part 1,2010,146,7.7,65,479120,"Adventure, Family, Fantasy"
Flipped,2010,90,7.7,45,81446,"Comedy, Drama, Romance"
The Social Network,2010,120,7.7,95,624982,"Biography, Drama"
X: First Class,2011,131,7.7,65,645512,"Action, Adventure, Sci-Fi"
Rockstar,2011,159,7.7,,39501,"Drama, Music, Musical"
Midnight in Paris,2011,96,7.7,81,388089,"Comedy, Fantasy, Romance"
Detachment,2011,98,7.7,52,77071,Drama
Argo,2012,120,7.7,86,572581,"Biography, Drama, Thriller"
Wreck-It Ralph,2012,101,7.7,72,380195,"Animation, Adventure, Comedy"
Silver Linings Playbook,2012,122,7.7,81,661871,"Comedy, Drama, Romance"
Skyfall,2012,143,7.7,81,630614,"Action, Adventure, Thriller"
The Broken Circle Breakdown,2012,111,7.7,70,39379,"Drama, Music, Romance"
La vie d'Adèle,2013,180,7.7,89,138741,"Drama, Romance"
Kai po che!,2013,130,7.7,40,32628,"Drama, Sport"
Nebraska,2013,115,7.7,87,112298,"Adventure, Comedy, Drama"
Gravity,2013,91,7.7,96,769145,"Drama, Sci-Fi, Thriller"
Star Trek Into Darkness,2013,132,7.7,72,463188,"Action, Adventure, Sci-Fi"
Captain America: The Winter Soldier,2014,136,7.7,70,736182,"Action, Adventure, Sci-Fi"
Ex Machina,2014,108,7.7,78,474141,"Drama, Sci-Fi, Thriller"
The Fault in Our Stars,2014,126,7.7,69,344312,"Drama, Romance"
Kingsman: The Secret Service,2014,129,7.7,60,590440,"Action, Adventure, Comedy"
Omoide no Mânî,2014,103,7.7,72,32798,"Animation, Drama, Family"
Birdman or (The Unexpected Virtue of Ignorance),2014,119,7.7,87,580291,"Comedy, Drama"
The Theory of Everything,2014,123,7.7,72,404182,"Biography, Drama, Romance"
What We Do in the Shadows,2014,86,7.7,76,157498,"Comedy, Horror"
The Lego Movie,2014,100,7.7,83,323982,"Animation, Action, Adventure"
Le Petit Prince,2015,108,7.7,70,56720,"Animation, Adventure, Drama"
Beasts of No Nation,2015,137,7.7,79,73964,"Drama, War"
Me and Earl and the Dying Girl,2015,105,7.7,74,123210,"Comedy, Drama"
En man som heter Ove,2015,116,7.7,70,47444,"Comedy, Drama, Romance"
God's Own Country,2017,104,7.7,85,25198,"Drama, Romance"
Get Out,2017,104,7.7,85,492851,"Horror, Mystery, Thriller"
Wind River,2017,107,7.7,73,205444,"Crime, Drama, Mystery"
Roma,2018,135,7.7,96,140375,Drama
Deadpool 2,2018,119,7.7,66,478586,"Action, Adventure, Comedy"
Mission: Impossible - Fallout,2018,147,7.7,86,291257,"Action, Adventure, Thriller"
Frankenstein,1931,70,7.8,91,65341,"Drama, Horror, Sci-Fi"
Scarface: The Shame of the Nation,1932,93,7.8,87,25312,"Action, Crime, Drama"
Duck Soup,1933,69,7.8,93,55581,"Comedy, Musical, War"
Bride of Frankenstein,1935,75,7.8,95,43542,"Drama, Horror, Sci-Fi"
The Lady Vanishes,1938,96,7.8,98,47400,"Mystery, Thriller"
Bringing Up Baby,1938,102,7.8,91,55163,"Comedy, Family, Romance"
Stagecoach,1939,96,7.8,93,43621,"Adventure, Drama, Western"
Shadow of a Doubt,1943,108,7.8,94,59556,"Film-Noir, Thriller"
To Have and Have Not,1944,100,7.8,,31053,"Adventure, Comedy, Film-Noir"
Key Largo,1948,100,7.8,,36995,"Action, Crime, Drama"
Red River,1948,133,7.8,,28167,"Action, Adventure, Drama"
À bout de souffle,1960,90,7.8,,73251,"Crime, Drama"
The Innocents,1961,100,7.8,88,27007,Horror
Jules et Jim,1962,105,7.8,97,37605,"Drama, Romance"
The Longest Day,1962,178,7.8,75,52141,"Action, Drama, History"
Mary Poppins,1964,139,7.8,88,158029,"Comedy, Family, Fantasy"
My Fair Lady,1964,170,7.8,95,86525,"Drama, Family, Musical"
Guess Who's Coming to Dinner,1967,108,7.8,63,39642,"Comedy, Drama"
Wait Until Dark,1967,108,7.8,81,27733,Thriller
Bonnie and Clyde,1967,111,7.8,86,102415,"Action, Biography, Crime"
Midnight Cowboy,1969,113,7.8,79,101124,Drama
Willy Wonka & the Chocolate Factory,1971,100,7.8,67,178731,"Family, Fantasy, Musical"
Cabaret,1972,124,7.8,80,48334,"Drama, Music, Musical"
Badlands,1973,94,7.8,93,66009,"Action, Crime, Drama"
La planète sauvage,1973,72,7.8,73,25229,"Animation, Sci-Fi"
The Day of the Jackal,1973,143,7.8,80,37445,"Crime, Drama, Thriller"
The Conversation,1974,113,7.8,85,98611,"Drama, Mystery, Thriller"
The Man Who Would Be King,1975,129,7.8,91,44917,"Adventure, History, War"
The Outlaw Josey Wales,1976,135,7.8,69,65659,Western
Days of Heaven,1978,94,7.8,93,52852,"Drama, Romance"
Kramer vs. Kramer,1979,105,7.8,77,133351,Drama
E.T. the Extra-Terrestrial,1982,115,7.8,91,372490,"Family, Sci-Fi"
The King of Comedy,1982,109,7.8,73,88511,"Comedy, Crime, Drama"
The Right Stuff,1983,193,7.8,91,56235,"Adventure, Biography, Drama"
The Killing Fields,1984,141,7.8,76,51585,"Biography, Drama, History"
Ghostbusters,1984,105,7.8,71,355413,"Action, Comedy, Fantasy"
The Breakfast Club,1985,97,7.8,66,357026,"Comedy, Drama"
The Goonies,1985,114,7.8,62,244430,"Adventure, Comedy, Family"
The Color Purple,1985,154,7.8,78,78321,Drama
Ferris Bueller's Day Off,1986,103,7.8,61,321382,Comedy
Down by Law,1986,107,7.8,75,47834,"Comedy, Crime, Drama"
Evil Dead II,1987,84,7.8,72,148359,"Action, Comedy, Fantasy"
Predator,1987,107,7.8,45,371387,"Action, Adventure, Sci-Fi"
Mississippi Burning,1988,128,7.8,65,88214,"Crime, Drama, History"
Dip huet seung hung,1989,111,7.8,82,45624,"Action, Crime, Drama"
Back to the Future Part II,1989,108,7.8,57,481918,"Adventure, Comedy, Sci-Fi"
Glory,1989,122,7.8,78,122779,"Biography, Drama, History"
Majo no takkyûbin,1989,103,7.8,83,124193,"Animation, Adventure, Drama"
Misery,1990,107,7.8,75,184740,"Drama, Thriller"
Awakenings,1990,121,7.8,74,125276,"Biography, Drama"
La double vie de Véronique,1991,98,7.8,86,42376,"Drama, Fantasy, Music"
Boyz n the Hood,1991,112,7.8,76,126082,"Crime, Drama"
Night on Earth,1991,129,7.8,68,55362,"Comedy, Drama"
Lat sau san taam,1992,128,7.8,,46700,"Action, Crime, Thriller"
What's Eating Gilbert Grape,1993,118,7.8,73,215034,Drama
Naked,1993,132,7.8,84,34635,"Comedy, Drama"
The Fugitive,1993,130,7.8,87,267684,"Action, Crime, Drama"
A Bronx Tale,1993,121,7.8,80,128171,"Crime, Drama, Romance"
The Remains of the Day,1993,134,7.8,84,66065,"Drama, Romance"
Batman: Mask of the Phantasm,1993,76,7.8,,43690,"Animation, Action, Crime"
The Sandlot,1993,101,7.8,55,78963,"Comedy, Drama, Family"
Tombstone,1993,130,7.8,50,126871,"Action, Biography, Drama"
Ed Wood,1994,127,7.8,70,164937,"Biography, Comedy, Drama"
Breaking the Waves,1996,159,7.8,76,62428,Drama
Titanic,1997,194,7.8,75,1046089,"Drama, Romance"
Hana-bi,1997,103,7.8,,27712,"Crime, Drama, Romance"
Gattaca,1997,106,7.8,64,280845,"Drama, Sci-Fi, Thriller"
The Game,1997,129,7.8,61,345096,"Action, Drama, Mystery"
Todo sobre mi madre,1999,101,7.8,87,89058,Drama
The Boondock Saints,1999,108,7.8,44,227143,"Action, Crime, Thriller"
October Sky,1999,108,7.8,71,82855,"Biography, Drama, Family"
The Insider,1999,157,7.8,84,159886,"Biography, Drama, Thriller"
Cast Away,2000,143,7.8,73,524235,"Adventure, Drama, Romance"
Gongdong gyeongbi guyeok JSA,2000,110,7.8,58,26518,"Action, Drama, Thriller"
Remember the Titans,2000,113,7.8,48,198089,"Biography, Drama, Sport"
Wo hu cang long,2000,120,7.8,94,253228,"Action, Adventure, Fantasy"
Shrek,2001,90,7.8,84,613941,"Animation, Adventure, Comedy"
Waking Life,2001,99,7.8,83,60684,"Animation, Drama, Fantasy"
Lilja 4-ever,2002,109,7.8,82,42673,"Crime, Drama"
The Count of Monte Cristo,2002,131,7.8,61,129022,"Action, Adventure, Drama"
Ondskan,2003,113,7.8,61,35682,Drama
Tôkyô goddofâzâzu,2003,90,7.8,73,31658,"Animation, Adventure, Comedy"
Les triplettes de Belleville,2003,80,7.8,91,50622,"Animation, Comedy, Drama"
The Notebook,2004,123,7.8,53,520284,"Drama, Romance"
Veer-Zaara,2004,192,7.8,67,49050,"Drama, Family, Musical"
Diarios de motocicleta,2004,126,7.8,75,96703,"Adventure, Biography, Drama"
Serenity,2005,119,7.8,74,283310,"Action, Adventure, Sci-Fi"
Walk the Line,2005,136,7.8,72,234207,"Biography, Drama, Music"
Adams æbler,2005,94,7.8,51,45717,"Comedy, Crime, Drama"
The World's Fastest Indian,2005,127,7.8,68,51980,"Biography, Drama, Sport"
Pride & Prejudice,2005,129,7.8,82,258924,"Drama, Romance"
Apocalypto,2006,139,7.8,68,291018,"Action, Adventure, Drama"
Little Miss Sunshine,2006,101,7.8,80,439856,"Comedy, Drama"
Hot Fuzz,2007,121,7.8,81,463466,"Action, Comedy, Mystery"
Atonement,2007,123,7.8,85,251370,"Drama, Mystery, Romance"
American Gangster,2007,157,7.8,76,392449,"Biography, Crime, Drama"
Auf der anderen Seite,2007,122,7.8,85,30827,Drama
Once,2007,86,7.8,88,110656,"Drama, Music, Romance"
The Boy in the Striped Pyjamas,2008,94,7.8,55,190748,"Drama, History, War"
Chugyeokja,2008,125,7.8,64,58468,"Action, Crime, Thriller"
Taken,2008,90,7.8,51,564791,"Action, Thriller"
The Curious Case of Benjamin Button,2008,166,7.8,70,589160,"Drama, Fantasy, Romance"
Avatar,2009,162,7.8,83,1118998,"Action, Adventure, Fantasy"
Madeo,2009,129,7.8,79,52758,"Crime, Drama, Mystery"
Män som hatar kvinnor,2009,152,7.8,76,208994,"Crime, Drama, Mystery"
Mr. Nobody,2009,141,7.8,63,216421,"Drama, Fantasy, Romance"
Das weiße Band - Eine deutsche Kindergeschichte,2009,144,7.8,82,68715,"Drama, History, Mystery"
Kokuhaku,2010,106,7.8,,35713,"Drama, Thriller"
The Fighter,2010,116,7.8,79,340584,"Biography, Drama, Sport"
Ang-ma-reul bo-at-da,2010,144,7.8,67,111252,"Action, Crime, Drama"
Ajeossi,2010,119,7.8,,62848,"Action, Crime, Drama"
The Girl with the Dragon Tattoo,2011,158,7.8,71,423010,"Crime, Drama, Mystery"
Drive,2011,100,7.8,78,571571,"Crime, Drama"
Vicky Donor,2012,126,7.8,,39710,"Comedy, Romance"
English Vinglish,2012,134,7.8,,33618,"Comedy, Drama, Family"
Moonrise Kingdom,2012,94,7.8,84,318789,"Comedy, Drama, Romance"
The Hobbit: An Unexpected Journey,2012,169,7.8,58,757377,"Adventure, Fantasy"
La grande bellezza,2013,141,7.8,86,81125,Drama
The Lunchbox,2013,104,7.8,76,50523,"Drama, Romance"
About Time,2013,123,7.8,55,303032,"Comedy, Drama, Fantasy"
La migliore offerta,2013,131,7.8,49,108399,"Crime, Drama, Mystery"
Le passé,2013,130,7.8,85,45002,"Drama, Mystery"
The Hobbit: The Desolation of Smaug,2013,161,7.8,66,601408,"Adventure, Fantasy"
Kaze tachinu,2013,126,7.8,83,73690,"Animation, Biography, Drama"
Captain Phillips,2013,134,7.8,82,421244,"Adventure, Biography, Crime"
Pride,2014,119,7.8,79,51841,"Biography, Comedy, Drama"
How to Train Your Dragon 2,2014,102,7.8,76,305611,"Animation, Action, Adventure"
Big Hero 6,2014,102,7.8,74,410983,"Animation, Action, Adventure"
The Big Short,2015,130,7.8,81,362942,"Biography, Comedy, Drama"
Under sandet,2015,100,7.8,75,35539,"Drama, History, War"
The Hateful Eight,2015,168,7.8,68,517059,"Crime, Drama, Mystery"
Straight Outta Compton,2015,147,7.8,72,179264,"Biography, Drama, History"
Manchester by the Sea,2016,137,7.8,96,246963,Drama
Rogue One,2016,133,7.8,65,556608,"Action, Adventure, Sci-Fi"
Forushande,2016,124,7.8,85,51240,Drama
Kubo and the Two Strings,2016,101,7.8,84,118035,"Animation, Action, Adventure"
Hidden Figures,2016,127,7.8,74,200876,"Biography, Drama, History"
M.S. Dhoni: The Untold Story,2016,184,7.8,,40416,"Biography, Drama, Sport"
Captain America: Civil War,2016,147,7.8,75,663649,"Action, Adventure, Sci-Fi"
Udta Punjab,2016,148,7.8,,27175,"Action, Crime, Drama"
Perfetti sconosciuti,2016,96,7.8,,57168,"Comedy, Drama"
Dunkirk,2017,106,7.8,94,555092,"Action, Drama, History"
Paddington 2,2017,103,7.8,88,61594,"Adventure, Comedy, Family"
Loving Vincent,2017,94,7.8,62,50778,"Animation, Biography, Crime"
Raazi,2018,138,7.8,,25344,"Action, Drama, Thriller"
Toy Story 4,2019,100,7.8,84,203177,"Animation, Adventure, Comedy"
Sound of Metal,2019,120,7.8,81,27187,"Drama, Music"
Little Women,2019,135,7.8,91,143250,"Drama, Romance"
The Gentlemen,2019,113,7.8,51,237392,"Action, Comedy, Crime"
The Trial of the Chicago 7,2020,129,7.8,77,89896,"Drama, History, Thriller"
Druk,2020,117,7.8,81,33931,"Comedy, Drama"
Nosferatu,1922,94,7.9,,88794,"Fantasy, Horror"
Freaks,1932,64,7.9,80,42117,"Drama, Horror"
King Kong,1933,100,7.9,90,78991,"Adventure, Horror, Sci-Fi"
A Night at the Opera,1935,96,7.9,,30580,"Comedy, Music, Musical"
The Adventures of Robin Hood,1938,102,7.9,97,47175,"Action, Adventure, Romance"
The Philadelphia Story,1940,112,7.9,96,63550,"Comedy, Romance"
His Girl Friday,1940,92,7.9,,53667,"Comedy, Drama, Romance"
The Lost Weekend,1945,101,7.9,,33549,"Drama, Film-Noir"
Notorious,1946,102,7.9,100,92306,"Drama, Film-Noir, Romance"
The Big Sleep,1946,114,7.9,,78796,"Crime, Film-Noir, Mystery"
Miracle on 34th Street,1947,96,7.9,88,41625,"Comedy, Drama, Family"
Harvey,1950,104,7.9,,52573,"Comedy, Drama, Fantasy"
Strangers on a Train,1951,101,7.9,88,123341,"Crime, Film-Noir, Thriller"
High Noon,1952,85,7.9,89,97222,"Drama, Thriller, Western"
East of Eden,1955,118,7.9,72,40313,Drama
The Ten Commandments,1956,220,7.9,,63560,"Adventure, Drama"
The Searchers,1956,119,7.9,94,80316,"Adventure, Drama, Western"
Hiroshima mon amour,1959,90,7.9,,28421,"Drama, Romance"
Spartacus,1960,197,7.9,87,124339,"Adventure, Biography, Drama"
L'avventura,1960,144,7.9,,26542,"Drama, Mystery"
The Manchurian Candidate,1962,126,7.9,94,71122,"Drama, Thriller"
Charade,1963,113,7.9,83,68689,"Comedy, Mystery, Romance"
In the Heat of the Night,1967,110,7.9,75,67804,"Crime, Drama, Mystery"
The Lion in Winter,1968,134,7.9,,29003,"Biography, Drama, History"
Night of the Living Dead,1968,96,7.9,89,116557,"Horror, Thriller"
The Wild Bunch,1969,145,7.9,97,77401,"Action, Adventure, Western"
Patton,1970,172,7.9,91,93741,"Biography, Drama, War"
Harold and Maude,1971,91,7.9,62,70826,"Comedy, Drama, Romance"
"Aguirre, der Zorn Gottes",1972,95,7.9,,52397,"Action, Adventure, Biography"
Le charme discret de la bourgeoisie,1972,102,7.9,93,38737,Comedy
La montaña sagrada,1973,114,7.9,76,37183,"Adventure, Drama, Fantasy"
Amarcord,1973,123,7.9,,39897,"Comedy, Drama, Family"
All the President's Men,1976,138,7.9,84,103031,"Biography, Drama, History"
Dawn of the Dead,1978,127,7.9,71,111512,"Action, Adventure, Horror"
Manhattan,1979,96,7.9,83,131436,"Comedy, Drama, Romance"
All That Jazz,1979,123,7.9,72,28223,"Drama, Music, Musical"
The Blues Brothers,1980,133,7.9,60,183182,"Action, Adventure, Comedy"
A Christmas Story,1983,93,7.9,77,132947,"Comedy, Family"
This Is Spinal Tap,1984,82,7.9,92,128812,"Comedy, Music"
Brazil,1985,132,7.9,84,187567,"Drama, Sci-Fi"
Hannah and Her Sisters,1986,107,7.9,90,67176,"Comedy, Drama"
The Untouchables,1987,119,7.9,79,281842,"Crime, Drama, Thriller"
Crimes and Misdemeanors,1989,104,7.9,77,54670,"Comedy, Drama"
My Left Foot: The Story of Christy Brown,1989,103,7.9,97,68076,"Biography, Drama"
Edward Scissorhands,1990,105,7.9,74,447368,"Drama, Fantasy, Romance"
Jûbê ninpûchô,1993,94,7.9,,34529,"Animation, Action, Adventure"
Carlito's Way,1993,144,7.9,65,201000,"Crime, Drama, Thriller"
True Romance,1993,119,7.9,59,206918,"Crime, Drama, Romance"
Trois couleurs: Bleu,1993,94,7.9,85,89836,"Drama, Music, Mystery"
Once Were Warriors,1994,102,7.9,77,31590,"Crime, Drama"
Mimi wo sumaseba,1995,111,7.9,75,51943,"Animation, Drama, Family"
Boogie Nights,1997,155,7.9,85,239473,Drama
Toy Story 2,1999,92,7.9,88,527512,"Animation, Adventure, Comedy"
Nueve reinas,2000,114,7.9,80,49721,"Crime, Drama, Thriller"
Almost Famous,2000,122,7.9,90,252586,"Adventure, Comedy, Drama"
No Man's Land,2001,98,7.9,84,44618,"Comedy, Drama, War"
Mulholland Dr.,2001,147,7.9,85,322031,"Drama, Mystery, Thriller"
Cowboy Bebop: Tengoku no tobira,2001,115,7.9,61,42897,"Animation, Action, Crime"
The Bourne Identity,2002,119,7.9,68,508771,"Action, Mystery, Thriller"
Hable con ella,2002,112,7.9,86,104691,"Drama, Mystery, Romance"
Ying xiong,2002,120,7.9,85,173999,"Action, Adventure, History"
Mystic River,2003,138,7.9,84,419420,"Crime, Drama, Mystery"
Harry Potter and the Prisoner of Azkaban,2004,142,7.9,82,552493,"Adventure, Family, Fantasy"
Gegen die Wand,2004,121,7.9,78,51325,"Drama, Romance"
Shaun of the Dead,2004,99,7.9,76,512249,"Comedy, Horror"
Les choristes,2004,97,7.9,56,57430,"Drama, Music"
C.R.A.Z.Y.,2005,129,7.9,81,31476,"Comedy, Drama"
Letters from Iwo Jima,2006,141,7.9,89,154011,"Action, Adventure, Drama"
The Fall,2006,117,7.9,64,107290,"Adventure, Drama, Fantasy"
Children of Men,2006,109,7.9,84,465113,"Adventure, Drama, Sci-Fi"
The Man from Earth,2007,87,7.9,,174125,"Drama, Fantasy, Mystery"
Jab We Met,2007,138,7.9,,47720,"Comedy, Drama, Romance"
"4 luni, 3 saptamâni si 2 zile",2007,113,7.9,97,56625,Drama
Låt den rätte komma in,2008,114,7.9,82,205609,"Crime, Drama, Fantasy"
Iron Man,2008,126,7.9,79,939644,"Action, Adventure, Sci-Fi"
In Bruges,2008,107,7.9,67,390334,"Comedy, Crime, Drama"
The Wrestler,2008,109,7.9,80,289415,"Drama, Sport"
Un prophète,2009,155,7.9,90,93560,"Crime, Drama"
Moon,2009,97,7.9,67,335152,"Drama, Mystery, Sci-Fi"
District 9,2009,112,7.9,81,638202,"Action, Sci-Fi, Thriller"
Fantastic Mr. Fox,2009,87,7.9,83,199696,"Animation, Adventure, Comedy"
Star Trek,2009,127,7.9,82,577336,"Action, Adventure, Sci-Fi"
The Artist,2011,100,7.9,89,230624,"Comedy, Drama, Romance"
Bir Zamanlar Anadolu'da,2011,157,7.9,82,41995,"Crime, Drama"
Amour,2012,127,7.9,94,93090,"Drama, Romance"
Life of Pi,2012,127,7.9,79,580708,"Adventure, Drama, Fantasy"
Before Midnight,2013,109,7.9,94,141457,"Drama, Romance"
X-Men: Days of Future Past,2014,132,7.9,75,659763,"Action, Adventure, Sci-Fi"
Nightcrawler,2014,117,7.9,76,466134,"Crime, Drama, Thriller"
Boyhood,2014,165,7.9,100,335533,Drama
Edge of Tomorrow,2014,113,7.9,71,600004,"Action, Adventure, Sci-Fi"
Star Wars: Episode VII - The Force Awakens,2015,138,7.9,80,860823,"Action, Adventure, Sci-Fi"
Sing Street,2016,106,7.9,79,85109,"Comedy, Drama, Music"
Captain Fantastic,2016,118,7.9,72,189400,"Comedy, Drama"
Arrival,2016,116,7.9,81,594181,"Drama, Sci-Fi"
Hunt for the Wilderpeople,2016,101,7.9,81,111483,"Adventure, Comedy, Drama"
"I, Daniel Blake",2016,100,7.9,78,53818,Drama
Thor: Ragnarok,2017,130,7.9,74,587775,"Action, Adventure, Comedy"
Call Me by Your Name,2017,132,7.9,93,212651,"Drama, Romance"
Isle of Dogs,2018,101,7.9,82,139114,"Animation, Adventure, Comedy"
Manbiki kazoku,2018,121,7.9,93,62754,"Crime, Drama"
Knives Out,2019,130,7.9,82,454203,"Comedy, Crime, Drama"
Jojo Rabbit,2019,108,7.9,58,297918,"Comedy, Drama, War"
Marriage Story,2019,137,7.9,94,246644,"Comedy, Drama, Romance"
The Irishman,2019,209,7.9,94,324720,"Biography, Crime, Drama"
Dil Bechara,2020,101,7.9,,111478,"Comedy, Drama, Romance"
Bronenosets Potemkin,1925,75,8.0,97,53054,"Drama, History, Thriller"
All Quiet on the Western Front,1930,152,8.0,91,57318,"Drama, War"
The Thin Man,1934,91,8.0,86,26642,"Comedy, Crime, Mystery"
La règle du jeu,1939,110,8.0,,26725,"Comedy, Drama"
The Wizard of Oz,1939,102,8.0,92,371379,"Adventure, Family, Fantasy"
The Grapes of Wrath,1940,129,8.0,96,85559,"Drama, History"
The Maltese Falcon,1941,100,8.0,96,148928,"Film-Noir, Mystery"
Arsenic and Old Lace,1942,118,8.0,,65101,"Comedy, Crime, Thriller"
Laura,1944,88,8.0,,42725,"Drama, Film-Noir, Mystery"
Brief Encounter,1945,86,8.0,92,35601,"Drama, Romance"
The Best Years of Our Lives,1946,170,8.0,93,57259,"Drama, Romance, War"
Out of the Past,1947,97,8.0,,32784,"Crime, Drama, Film-Noir"
Rope,1948,80,8.0,73,129783,"Crime, Drama, Mystery"
Kind Hearts and Coronets,1949,106,8.0,,34485,"Comedy, Crime"
In a Lonely Place,1950,94,8.0,,26784,"Drama, Film-Noir, Mystery"
A Streetcar Named Desire,1951,122,8.0,97,99182,Drama
Stalag 17,1953,120,8.0,84,51046,"Comedy, Drama, War"
Roman Holiday,1953,118,8.0,78,127256,"Comedy, Romance"
La Strada,1954,108,8.0,,58314,Drama
Les diaboliques,1955,117,8.0,,61503,"Crime, Drama, Horror"
The Night of the Hunter,1955,92,8.0,99,81980,"Crime, Drama, Film-Noir"
The Killing,1956,84,8.0,91,81702,"Crime, Drama, Film-Noir"
Sweet Smell of Success,1957,96,8.0,100,28137,"Drama, Film-Noir"
Touch of Evil,1958,95,8.0,99,98431,"Crime, Drama, Film-Noir"
Cat on a Hot Tin Roof,1958,108,8.0,84,45062,Drama
Rio Bravo,1959,141,8.0,93,56305,"Action, Drama, Western"
Anatomy of a Murder,1959,161,8.0,95,59847,"Crime, Drama, Mystery"
La dolce vita,1960,174,8.0,95,66621,"Comedy, Drama"
The Hustler,1961,134,8.0,90,75067,"Drama, Sport"
Vivre sa vie: Film en douze tableaux,1962,80,8.0,,28057,Drama
8½,1963,138,8.0,91,108844,Drama
Per un pugno di dollari,1964,99,8.0,65,198219,"Action, Drama, Western"
The Sound of Music,1965,172,8.0,63,205425,"Biography, Drama, Family"
Doctor Zhivago,1965,197,8.0,69,69903,"Drama, Romance, War"
Who's Afraid of Virginia Woolf?,1966,131,8.0,75,68926,Drama
The Graduate,1967,106,8.0,83,253676,"Comedy, Drama, Romance"
Planet of the Apes,1968,112,8.0,79,165167,"Adventure, Sci-Fi"
Rosemary's Baby,1968,137,8.0,96,193674,"Drama, Horror"
Butch Cassidy and the Sundance Kid,1969,110,8.0,66,201888,"Biography, Crime, Drama"
Il conformista,1970,113,8.0,100,27067,Drama
Fiddler on the Roof,1971,181,8.0,67,39491,"Drama, Family, Musical"
The Last Picture Show,1971,118,8.0,93,42456,"Drama, Romance"
Sleuth,1972,138,8.0,,44748,"Mystery, Thriller"
Papillon,1973,151,8.0,58,121627,"Biography, Crime, Drama"
The Exorcist,1973,122,8.0,81,362393,Horror
Young Frankenstein,1974,106,8.0,80,143359,Comedy
Dog Day Afternoon,1975,125,8.0,86,235652,"Biography, Crime, Drama"
Jaws,1975,124,8.0,87,543388,"Adventure, Thriller"
Annie Hall,1977,93,8.0,92,251823,"Comedy, Romance"
Being There,1979,130,8.0,83,65625,"Comedy, Drama"
Kagemusha,1980,180,8.0,84,32195,"Drama, History, War"
Gandhi,1982,191,8.0,79,217664,"Biography, Drama, History"
The Terminator,1984,107,8.0,84,799795,"Action, Sci-Fi"
Tenkû no shiro Rapyuta,1986,125,8.0,78,150140,"Animation, Adventure, Drama"
Der Himmel über Berlin,1987,128,8.0,79,64722,"Drama, Fantasy, Romance"
The Princess Bride,1987,98,8.0,77,393899,"Adventure, Family, Fantasy"
Au revoir les enfants,1987,104,8.0,88,31163,"Drama, War"
Akira,1988,124,8.0,,164918,"Animation, Action, Sci-Fi"
Rain Man,1988,133,8.0,65,473064,Drama
Do the Right Thing,1989,120,8.0,93,89429,"Comedy, Drama"
Dances with Wolves,1990,181,8.0,72,240266,"Adventure, Drama, Western"
Beauty and the Beast,1991,84,8.0,95,417178,"Animation, Family, Fantasy"
JFK,1991,189,8.0,72,142110,"Drama, History, Thriller"
Scent of a Woman,1992,156,8.0,59,263918,Drama
Aladdin,1992,90,8.0,86,373845,"Animation, Adventure, Comedy"
Groundhog Day,1993,101,8.0,72,577991,"Comedy, Fantasy, Romance"
Bound by Honor,1993,180,8.0,47,28825,"Crime, Drama"
The Nightmare Before Christmas,1993,76,8.0,82,300208,"Animation, Family, Fantasy"
Twelve Monkeys,1995,129,8.0,74,578443,"Mystery, Sci-Fi, Thriller"
Kôkaku Kidôtai,1995,83,8.0,76,129231,"Animation, Action, Crime"
Secrets & Lies,1996,136,8.0,91,37564,"Comedy, Drama"
Sling Blade,1996,135,8.0,84,86838,Drama
Knockin' on Heaven's Door,1997,87,8.0,,27721,"Action, Crime, Comedy"
Pâfekuto burû,1997,81,8.0,,58192,"Animation, Crime, Mystery"
Festen,1998,105,8.0,82,78341,Drama
Central do Brasil,1998,110,8.0,80,36419,Drama
The Straight Story,1999,112,8.0,86,82002,"Biography, Drama"
The Iron Giant,1999,86,8.0,85,172083,"Animation, Action, Adventure"
Magnolia,1999,188,8.0,77,289742,Drama
Dancer in the Dark,2000,140,8.0,61,102285,"Crime, Drama, Musical"
Vizontele,2001,110,8.0,,33592,"Comedy, Drama"
Yeopgijeogin geunyeo,2001,137,8.0,,45403,"Comedy, Drama, Romance"
Donnie Darko,2001,113,8.0,88,740086,"Drama, Mystery, Sci-Fi"
Mou gaan dou,2002,101,8.0,75,117857,"Action, Crime, Drama"
Kal Ho Naa Ho,2003,186,8.0,54,63460,"Comedy, Drama, Musical"
Big Fish,2003,125,8.0,58,415218,"Adventure, Drama, Fantasy"
Vozvrashchenie,2003,110,8.0,82,42399,Drama
Bom Yeoareum Gaeul Gyeoul Geurigo Bom,2003,103,8.0,85,77520,"Drama, Romance"
Dogville,2003,178,8.0,60,137963,"Crime, Drama"
Pirates of the Caribbean: The Curse of the Black Pearl,2003,143,8.0,63,1015122,"Action, Adventure, Fantasy"
G.O.R.A.,2004,127,8.0,,56960,"Adventure, Comedy, Sci-Fi"
Kill Bill: Vol. 2,2004,137,8.0,83,683900,"Action, Crime, Thriller"
Bin-jip,2004,88,8.0,72,50610,"Crime, Drama, Romance"
The Incredibles,2004,115,8.0,90,657047,"Animation, Action, Adventure"
Cinderella Man,2005,144,8.0,69,176151,"Biography, Drama, History"
Sin City,2005,124,8.0,74,738512,"Crime, Thriller"
The Pursuit of Happyness,2006,117,8.0,64,448930,"Biography, Drama"
Casino Royale,2006,144,8.0,80,582239,"Action, Adventure, Thriller"
Blood Diamond,2006,143,8.0,64,499439,"Adventure, Drama, Thriller"
Le scaphandre et le papillon,2007,112,8.0,92,103284,"Biography, Drama"
The Bourne Ultimatum,2007,115,8.0,85,604694,"Action, Mystery, Thriller"
Tropa de Elite,2007,115,8.0,33,98097,"Action, Crime, Drama"
Ratatouille,2007,111,8.0,96,641645,"Animation, Adventure, Comedy"
Persepolis,2007,96,8.0,90,88656,"Animation, Biography, Drama"
Yip Man,2008,106,8.0,59,211427,"Action, Biography, Drama"
Slumdog Millionaire,2008,120,8.0,84,798882,"Drama, Romance"
Darbareye Elly,2009,119,8.0,87,45803,"Drama, Mystery"
Dev.D,2009,144,8.0,,28749,"Drama, Romance"
Nefes: Vatan Sagolsun,2009,128,8.0,,31838,"Action, Drama, Thriller"
Tropa de Elite 2: O Inimigo Agora é Outro,2010,115,8.0,71,79200,"Action, Crime, Drama"
Black Swan,2010,108,8.0,79,699673,"Drama, Thriller"
My Name Is Khan,2010,165,8.0,50,98575,Drama
The King's Speech,2010,118,8.0,88,639603,"Biography, Drama, History"
The Help,2011,146,8.0,62,428521,Drama
The Perks of Being a Wallflower,2012,103,8.0,67,462252,"Drama, Romance"
The Avengers,2012,143,8.0,69,1260806,"Action, Adventure, Sci-Fi"
Short Term 12,2013,96,8.0,82,81770,Drama
Her,2013,126,8.0,90,540772,"Drama, Romance, Sci-Fi"
Dallas Buyers Club,2013,117,8.0,80,441614,"Biography, Drama"
Kaguyahime no monogatari,2013,137,8.0,89,38746,"Animation, Adventure, Drama"
Special Chabbis,2013,144,8.0,,51069,"Crime, Drama, Thriller"
Mar adentro,2014,126,8.0,74,77554,"Biography, Drama"
Serbuan maut 2: Berandal,2014,150,8.0,71,114316,"Action, Crime, Thriller"
The Imitation Game,2014,114,8.0,73,685201,"Biography, Drama, Thriller"
Guardians of the Galaxy,2014,121,8.0,76,1043455,"Action, Adventure, Comedy"
Baby,2015,159,8.0,,52848,"Action, Crime, Thriller"
The Martian,2015,144,8.0,80,760094,"Adventure, Drama, Sci-Fi"
The Revenant,2015,156,8.0,76,705589,"Action, Adventure, Drama"
Bajrangi Bhaijaan,2015,163,8.0,,72245,"Action, Adventure, Comedy"
Bãhubali: The Beginning,2015,159,8.0,,102972,"Action, Drama"
Deadpool,2016,108,8.0,65,902669,"Action, Adventure, Comedy"
Airlift,2016,130,8.0,,52897,"Drama, History"
Lion,2016,118,8.0,69,213970,"Biography, Drama"
La La Land,2016,128,8.0,94,505918,"Comedy, Drama, Music"
Zootopia,2016,108,8.0,78,434143,"Animation, Adventure, Comedy"
Blade Runner 2049,2017,164,8.0,81,461823,"Action, Drama, Mystery"
Wonder,2017,113,8.0,66,141923,"Drama, Family"
Bohemian Rhapsody,2018,134,8.0,49,450349,"Biography, Drama, Music"
Badhaai ho,2018,124,8.0,,27978,"Comedy, Drama"
Togo,2019,113,8.0,69,37556,"Adventure, Biography, Drama"
Gully Boy,2019,154,8.0,65,31886,"Drama, Music, Romance"
Das Cabinet des Dr. Caligari,1920,76,8.1,,57428,"Fantasy, Horror, Mystery"
The General,1926,67,8.1,,81156,"Action, Adventure, Comedy"
Sunrise: A Song of Two Humans,1927,94,8.1,,46865,"Drama, Romance"
The Circus,1928,72,8.1,90,30205,"Comedy, Romance"
La passion de Jeanne d'Arc,1928,110,8.1,,47676,"Biography, Drama, History"
It Happened One Night,1934,105,8.1,87,94016,"Comedy, Romance"
La Grande Illusion,1937,113,8.1,,33829,"Drama, War"
Mr. Smith Goes to Washington,1939,129,8.1,73,107017,"Comedy, Drama"
Gone with the Wind,1939,238,8.1,97,290074,"Drama, History, Romance"
Rebecca,1940,130,8.1,86,123942,"Drama, Mystery, Romance"
The Shop Around the Corner,1940,99,8.1,96,28450,"Comedy, Drama, Romance"
The Red Shoes,1948,135,8.1,,30935,"Drama, Music, Romance"
The Third Man,1949,104,8.1,97,158731,"Film-Noir, Mystery, Thriller"
White Heat,1949,114,8.1,,29807,"Action, Crime, Drama"
Ace in the Hole,1951,111,8.1,72,31568,"Drama, Film-Noir"
Le salaire de la peur,1953,131,8.1,85,54588,"Adventure, Drama, Thriller"
On the Waterfront,1954,108,8.1,91,142107,"Crime, Drama, Thriller"
The Bridge on the River Kwai,1957,161,8.1,87,203463,"Adventure, Drama, War"
Kumonosu-jô,1957,110,8.1,,46678,"Drama, History"
Le notti di Cabiria,1957,110,8.1,,42940,Drama
Kakushi-toride no san-akunin,1958,139,8.1,,34797,"Adventure, Drama"
Ben-Hur,1959,212,8.1,90,219466,"Adventure, Drama, History"
Les quatre cents coups,1959,99,8.1,,105291,"Crime, Drama"
Jungfrukällan,1960,89,8.1,,26697,Drama
Inherit the Wind,1960,128,8.1,75,27254,"Biography, Drama, History"
El ángel exterminador,1962,95,8.1,,29682,"Drama, Fantasy"
What Ever Happened to Baby Jane?,1962,134,8.1,75,50058,"Drama, Horror, Thriller"
Sanjuro,1962,96,8.1,,33044,"Action, Comedy, Crime"
Ivanovo detstvo,1962,95,8.1,,31728,"Drama, War"
The Man Who Shot Liberty Valance,1962,123,8.1,94,68827,"Drama, Western"
La battaglia di Algeri,1966,121,8.1,96,53089,"Drama, War"
Andrei Rublev,1966,205,8.1,,46947,"Biography, Drama, History"
Persona,1966,85,8.1,86,103191,"Drama, Thriller"
Le samouraï,1967,105,8.1,,45434,"Crime, Drama, Mystery"
Cool Hand Luke,1967,127,8.1,92,161984,"Crime, Drama"
Solaris,1972,167,8.1,90,81021,"Drama, Mystery, Sci-Fi"
Viskningar och rop,1972,91,8.1,,30206,Drama
Paper Moon,1973,102,8.1,77,42285,"Comedy, Crime, Drama"
Chinatown,1974,130,8.1,92,294230,"Drama, Mystery, Thriller"
Zerkalo,1975,107,8.1,,40081,"Biography, Drama"
Barry Lyndon,1975,185,8.1,89,149843,"Adventure, Drama, History"
Rocky,1976,120,8.1,70,518546,"Drama, Sport"
Network,1976,121,8.1,83,144911,Drama
The Deer Hunter,1978,183,8.1,86,311361,"Drama, War"
Life of Brian,1979,94,8.1,77,367250,Comedy
The Elephant Man,1980,124,8.1,78,220078,"Biography, Drama"
Fanny och Alexander,1982,188,8.1,100,57784,Drama
The Thing,1982,109,8.1,57,371271,"Horror, Mystery, Sci-Fi"
Pink Floyd: The Wall,1982,95,8.1,47,76081,"Drama, Fantasy, Music"
Fitzcarraldo,1982,158,8.1,,31595,"Adventure, Drama"
Blade Runner,1982,117,8.1,84,693827,"Action, Sci-Fi, Thriller"
"Paris, Texas",1984,145,8.1,78,91188,Drama
Kaze no tani no Naushika,1984,117,8.1,86,150924,"Animation, Adventure, Fantasy"
Stand by Me,1986,89,8.1,75,363401,"Adventure, Drama"
Platoon,1986,120,8.1,92,381222,"Drama, War"
Dead Poets Society,1989,128,8.1,79,425457,"Comedy, Drama"
Dà hóng denglong gaogao guà,1991,125,8.1,,29662,"Drama, History, Romance"
In the Name of the Father,1993,133,8.1,84,156842,"Biography, Crime, Drama"
Jurassic Park,1993,127,8.1,68,867615,"Action, Adventure, Sci-Fi"
Ba wang bie ji,1993,171,8.1,,25088,"Drama, Music, Romance"
Trois couleurs: Rouge,1994,99,8.1,100,90729,"Drama, Mystery, Romance"
Chung Hing sam lam,1994,102,8.1,77,63122,"Comedy, Crime, Drama"
La haine,1995,98,8.1,,150345,"Crime, Drama"
Before Sunrise,1995,101,8.1,77,272291,"Drama, Romance"
Underground,1995,170,8.1,,55220,"Comedy, Drama, War"
Dilwale Dulhania Le Jayenge,1995,189,8.1,,63516,"Drama, Romance"
Trainspotting,1996,93,8.1,83,634716,Drama
Fargo,1996,98,8.1,85,617444,"Crime, Drama, Thriller"
"Shin seiki Evangelion Gekijô-ban: Air/Magokoro wo, kimi ni",1997,87,8.1,,38847,"Animation, Action, Drama"
"Crna macka, beli macor",1998,127,8.1,73,50862,"Comedy, Crime, Romance"
The Truman Show,1998,103,8.1,90,939631,"Comedy, Drama"
The Big Lebowski,1998,117,8.1,71,732620,"Comedy, Crime, Sport"
La leggenda del pianista sull'oceano,1998,169,8.1,58,59020,"Drama, Music, Romance"
The Sixth Sense,1999,107,8.1,64,911573,"Drama, Mystery, Thriller"
Fa yeung nin wah,2000,98,8.1,85,124383,"Drama, Romance"
Amores perros,2000,154,8.1,83,223741,"Drama, Thriller"
Dil Chahta Hai,2001,183,8.1,,66803,"Comedy, Drama, Romance"
Lagaan: Once Upon a Time in India,2001,224,8.1,84,105036,"Adventure, Drama, Musical"
"Monsters, Inc.",2001,92,8.1,79,815505,"Animation, Adventure, Comedy"
Catch Me If You Can,2002,141,8.1,75,832846,"Biography, Crime, Drama"
Munna Bhai M.B.B.S.,2003,156,8.1,,73992,"Comedy, Drama, Musical"
Kill Bill: Vol. 1,2003,111,8.1,69,1000639,"Action, Crime, Drama"
Finding Nemo,2003,100,8.1,90,949565,"Animation, Adventure, Comedy"
Salinui chueok,2003,131,8.1,82,139558,"Crime, Drama, Mystery"
Before Sunset,2004,80,8.1,90,236311,"Drama, Romance"
Taegukgi hwinalrimyeo,2004,140,8.1,64,37820,"Action, Drama, War"
Million Dollar Baby,2004,132,8.1,86,635975,"Drama, Sport"
Hotel Rwanda,2004,121,8.1,79,334320,"Biography, Drama, History"
Lage Raho Munna Bhai,2006,144,8.1,,43137,"Comedy, Drama, Romance"
Into the Wild,2007,148,8.1,73,572921,"Adventure, Biography, Drama"
No Country for Old Men,2007,122,8.1,91,856916,"Crime, Drama, Thriller"
A Wednesday,2008,104,8.1,,73891,"Action, Crime, Drama"
Okuribito,2008,130,8.1,68,48582,"Drama, Music"
Gran Torino,2008,116,8.1,72,720450,Drama
Hachi: A Dog's Tale,2009,93,8.1,,253575,"Biography, Drama, Family"
Mary and Max,2009,92,8.1,,164462,"Animation, Comedy, Drama"
How to Train Your Dragon,2010,98,8.1,75,666773,"Animation, Action, Adventure"
Zindagi Na Milegi Dobara,2011,155,8.1,,67927,"Comedy, Drama"
Harry Potter and the Deathly Hallows: Part 2,2011,130,8.1,85,764493,"Adventure, Drama, Fantasy"
OMG: Oh My God!,2012,125,8.1,,51739,"Comedy, Drama, Fantasy"
Barfi!,2012,151,8.1,,75721,"Comedy, Drama, Romance"
Ôkami kodomo no Ame to Yuki,2012,117,8.1,71,38803,"Animation, Drama, Fantasy"
Kahaani,2012,122,8.1,,57806,"Mystery, Thriller"
Prisoners,2013,153,8.1,70,601149,"Crime, Drama, Mystery"
Rush,2013,123,8.1,74,432811,"Action, Biography, Drama"
12 Years a Slave,2013,134,8.1,96,640533,"Biography, Drama, History"
Mommy,2014,139,8.1,74,50700,Drama
Gone Girl,2014,149,8.1,79,859695,"Drama, Mystery, Thriller"
Kis Uykusu,2014,196,8.1,88,46547,Drama
Song of the Sea,2014,93,8.1,85,51679,"Animation, Adventure, Drama"
Haider,2014,160,8.1,,50445,"Action, Crime, Drama"
PK,2014,153,8.1,,163061,"Comedy, Drama, Musical"
The Grand Budapest Hotel,2014,99,8.1,88,707630,"Adventure, Comedy, Crime"
Relatos salvajes,2014,122,8.1,77,177059,"Comedy, Drama, Thriller"
Room,2015,118,8.1,86,371538,"Drama, Thriller"
Mad Max: Fury Road,2015,120,8.1,90,882316,"Action, Adventure, Sci-Fi"
Inside Out,2015,95,8.1,94,616228,"Animation, Adventure, Comedy"
Spotlight,2015,129,8.1,93,420316,"Biography, Crime, Drama"
Contratiempo,2016,106,8.1,,141516,"Crime, Drama, Mystery"
Hacksaw Ridge,2016,139,8.1,71,435928,"Biography, Drama, History"
Pink,2016,136,8.1,,39216,"Drama, Thriller"
Koe no katachi,2016,130,8.1,78,47708,"Animation, Drama, Family"
Ah-ga-ssi,2016,145,8.1,84,113649,"Drama, Romance, Thriller"
Logan,2017,137,8.1,77,647884,"Action, Drama, Sci-Fi"
Portrait de la jeune fille en feu,2019,122,8.1,95,63134,"Drama, Romance"
Ford v Ferrari,2019,152,8.1,81,291289,"Action, Biography, Drama"
Soul,2020,100,8.1,83,159171,"Animation, Adventure, Comedy"
Sherlock Jr.,1924,45,8.2,,41985,"Action, Comedy, Romance"
The Gold Rush,1925,95,8.2,,101053,"Adventure, Comedy, Drama"
To Be or Not to Be,1942,99,8.2,86,29915,"Comedy, War"
The Treasure of the Sierra Madre,1948,126,8.2,98,114304,"Adventure, Drama, Western"
Rashômon,1950,88,8.2,98,152572,"Crime, Drama, Mystery"
All About Eve,1950,138,8.2,98,120539,Drama
Tôkyô monogatari,1953,136,8.2,,53153,Drama
Dial M for Murder,1954,105,8.2,75,158335,"Crime, Thriller"
Du rififi chez les hommes,1955,118,8.2,97,28810,"Crime, Drama, Thriller"
Smultronstället,1957,91,8.2,88,96381,"Drama, Romance"
Det sjunde inseglet,1957,96,8.2,88,164939,"Drama, Fantasy, History"
Some Like It Hot,1959,121,8.2,98,243943,"Comedy, Music, Romance"
Judgment at Nuremberg,1961,179,8.2,60,69458,"Drama, War"
Yôjinbô,1961,110,8.2,,111244,"Action, Drama, Thriller"
To Kill a Mockingbird,1962,129,8.2,88,293811,"Crime, Drama"
The Great Escape,1963,172,8.2,86,224730,"Adventure, Drama, History"
Monty Python and the Holy Grail,1975,91,8.2,91,500875,"Adventure, Comedy, Fantasy"
Sholay,1975,204,8.2,,51284,"Action, Adventure, Comedy"
The Message,1976,177,8.2,,43885,"Biography, Drama, History"
Höstsonaten,1978,99,8.2,,26875,"Drama, Music"
Stalker,1979,162,8.2,,116945,"Drama, Sci-Fi"
Raging Bull,1980,129,8.2,89,321860,"Biography, Drama, Sport"
Ran,1985,162,8.2,96,112505,"Action, Drama, War"
Die Hard,1988,132,8.2,72,793164,"Action, Thriller"
Tonari no Totoro,1988,86,8.2,86,291180,"Animation, Family, Fantasy"
Dom za vesanje,1988,142,8.2,,26402,"Comedy, Crime, Drama"
Indiana Jones and the Last Crusade,1989,127,8.2,65,692366,"Action, Adventure"
Unforgiven,1992,130,8.2,85,375935,"Drama, Western"
Andaz Apna Apna,1994,160,8.2,,49300,"Action, Comedy, Romance"
Casino,1995,178,8.2,73,466276,"Crime, Drama"
Heat,1995,170,8.2,76,577113,"Crime, Drama, Thriller"
Eskiya,1996,128,8.2,,64118,"Crime, Drama, Thriller"
L.A. Confidential,1997,138,8.2,90,531967,"Crime, Drama, Mystery"
"Lock, Stock and Two Smoking Barrels",1998,107,8.2,66,535216,"Action, Comedy, Crime"
Hera Pheri,2000,156,8.2,,57057,"Action, Comedy, Crime"
A Beautiful Mind,2001,135,8.2,72,848920,"Biography, Drama"
Der Untergang,2004,156,8.2,82,331308,"Biography, Drama, History"
Hauru no ugoku shiro,2004,119,8.2,80,333915,"Animation, Adventure, Family"
"Swades: We, the People",2004,210,8.2,,83005,Drama
Black,2005,122,8.2,,33354,Drama
V for Vendetta,2005,132,8.2,62,1032749,"Action, Drama, Sci-Fi"
Batman Begins,2005,140,8.2,70,1308302,"Action, Adventure"
Pan's Labyrinth,2006,118,8.2,98,618623,"Drama, Fantasy, War"
Rang De Basanti,2006,167,8.2,,111937,"Comedy, Crime, Drama"
There Will Be Blood,2007,158,8.2,93,517359,Drama
Chak De! India,2007,153,8.2,68,74129,"Drama, Family, Sport"
Up,2009,96,8.2,88,935507,"Animation, Adventure, Comedy"
El secreto de sus ojos,2009,129,8.2,80,193217,"Drama, Mystery, Romance"
Toy Story 3,2010,103,8.2,92,757032,"Animation, Adventure, Comedy"
Shutter Island,2010,138,8.2,63,1129894,"Mystery, Thriller"
Udaan,2010,134,8.2,,42341,Drama
Warrior,2011,140,8.2,71,435950,"Action, Drama, Sport"
Gangs of Wasseypur,2012,321,8.2,89,82365,"Action, Comedy, Crime"
Paan Singh Tomar,2012,135,8.2,,33237,"Action, Biography, Crime"
Mandariinid,2013,87,8.2,73,40382,"Drama, War"
Bhaag Milkha Bhaag,2013,186,8.2,,61137,"Biography, Drama, Sport"
Queen,2013,146,8.2,,60701,"Adventure, Comedy, Drama"
The Wolf of Wall Street,2013,180,8.2,75,1187498,"Biography, Crime, Drama"
Talvar,2015,132,8.2,,31142,"Crime, Drama, Mystery"
Drishyam,2015,163,8.2,,70367,"Crime, Drama, Mystery"
"Three Billboards Outside Ebbing, Missouri",2017,115,8.2,88,432610,"Comedy, Crime, Drama"
Baahubali 2: The Conclusion,2017,167,8.2,,75348,"Action, Drama"
Uri: The Surgical Strike,2018,138,8.2,,43444,"Action, Drama, War"
Green Book,2018,130,8.2,69,377884,"Biography, Comedy, Drama"
K.G.F: Chapter 1,2018,156,8.2,,36680,"Action, Drama"
Klaus,2019,96,8.2,65,104761,"Animation, Adventure, Comedy"
Chhichhore,2019,143,8.2,,33893,"Comedy, Drama"
The Kid,1921,68,8.3,,113314,"Comedy, Drama, Family"
Metropolis,1927,153,8.3,98,159992,"Drama, Sci-Fi"
M - Eine Stadt sucht einen Mörder,1931,117,8.3,,143434,"Crime, Mystery, Thriller"
Citizen Kane,1941,119,8.3,100,403351,"Drama, Mystery"
Double Indemnity,1944,107,8.3,95,143525,"Crime, Drama, Film-Noir"
Ladri di biciclette,1948,89,8.3,,146427,Drama
Ikiru,1952,143,8.3,,68463,Drama
Singin' in the Rain,1952,103,8.3,99,218957,"Comedy, Musical, Romance"
Vertigo,1958,128,8.3,100,364368,"Mystery, Romance, Thriller"
North by Northwest,1959,136,8.3,98,299198,"Adventure, Mystery, Thriller"
The Apartment,1960,125,8.3,94,164363,"Comedy, Drama, Romance"
Lawrence of Arabia,1962,228,8.3,100,268085,"Adventure, Biography, Drama"
Per qualche dollaro in più,1965,132,8.3,74,232772,Western
2001: A Space Odyssey,1968,149,8.3,84,603517,"Adventure, Sci-Fi"
A Clockwork Orange,1971,136,8.3,77,757904,"Crime, Drama, Sci-Fi"
The Sting,1973,129,8.3,83,241513,"Comedy, Crime, Drama"
Taxi Driver,1976,114,8.3,94,724636,"Crime, Drama"
Das Boot,1981,149,8.3,86,231855,"Adventure, Drama, Thriller"
Star Wars: Episode VI - Return of the Jedi,1983,131,8.3,58,950470,"Action, Adventure, Fantasy"
Scarface,1983,170,8.3,65,740911,"Crime, Drama"
Amadeus,1984,160,8.3,88,369007,"Biography, Drama, History"
Idi i smotri,1985,142,8.3,,59056,"Drama, Thriller, War"
Aliens,1986,137,8.3,84,652719,"Action, Adventure, Sci-Fi"
Full Metal Jacket,1987,116,8.3,76,675146,"Drama, War"
Reservoir Dogs,1992,99,8.3,79,918562,"Crime, Drama, Thriller"
Braveheart,1995,178,8.3,68,959181,"Biography, Drama, History"
Toy Story,1995,81,8.3,95,887429,"Animation, Adventure, Comedy"
Good Will Hunting,1997,126,8.3,70,861606,"Drama, Romance"
Bacheha-Ye aseman,1997,89,8.3,77,65341,"Drama, Family, Sport"
American Beauty,1999,122,8.3,84,1069738,Drama
Requiem for a Dream,2000,102,8.3,68,766870,Drama
Snatch,2000,104,8.3,55,782001,"Comedy, Crime"
Amélie,2001,122,8.3,69,703810,"Comedy, Romance"
Eternal Sunshine of the Spotless Mind,2004,108,8.3,89,911664,"Drama, Romance, Sci-Fi"
Babam ve Oglum,2005,112,8.3,,78925,"Drama, Family"
Inglourious Basterds,2009,153,8.3,69,1267869,"Adventure, Drama, War"
Incendies,2010,131,8.3,80,150023,"Drama, Mystery, War"
Jodaeiye Nader az Simin,2011,123,8.3,95,220002,Drama
Jagten,2012,115,8.3,77,281623,Drama
Drishyam,2013,160,8.3,,30722,"Crime, Drama, Thriller"
Tumbbad,2018,104,8.3,,27793,"Drama, Fantasy, Horror"
Andhadhun,2018,139,8.3,,71875,"Crime, Drama, Music"
Miracle in cell NO.7,2019,132,8.3,,33935,Drama
1917,2019,119,8.3,78,425844,"Drama, Thriller, War"
The Great Dictator,1940,125,8.4,,203150,"Comedy, Drama, War"
Sunset Blvd.,1950,110,8.4,,201632,"Drama, Film-Noir"
Rear Window,1954,112,8.4,100,444074,"Mystery, Thriller"
Witness for the Prosecution,1957,116,8.4,,108862,"Crime, Drama, Mystery"
Paths of Glory,1957,88,8.4,90,178092,"Drama, War"
Tengoku to jigoku,1963,143,8.4,,34357,"Crime, Drama, Mystery"
Dr. Strangelove or: How I Learned to Stop Worrying and Love the Bomb,1964,95,8.4,97,450474,Comedy
Anand,1971,122,8.4,,30273,"Drama, Musical"
Apocalypse Now,1979,147,8.4,94,606398,"Drama, Mystery, War"
Alien,1979,117,8.4,89,787806,"Horror, Sci-Fi"
The Shining,1980,146,8.4,66,898237,"Drama, Horror"
Raiders of the Lost Ark,1981,115,8.4,85,884112,"Action, Adventure"
Once Upon a Time in America,1984,229,8.4,,311365,"Crime, Drama"
Mononoke-hime,1997,134,8.4,76,343171,"Animation, Action, Adventure"
Memento,2000,113,8.4,80,1125712,"Mystery, Thriller"
Oldeuboi,2003,101,8.4,77,515451,"Action, Drama, Mystery"
The Lives of Others,2006,137,8.4,89,358685,"Drama, Mystery, Thriller"
Taare Zameen Par,2007,165,8.4,,168895,"Drama, Family"
WALL·E,2008,98,8.4,95,999790,"Animation, Adventure, Family"
3 Idiots,2009,170,8.4,67,344445,"Comedy, Drama"
Django Unchained,2012,165,8.4,81,1357682,"Drama, Western"
The Dark Knight Rises,2012,164,8.4,78,1516346,"Action, Adventure"
Dangal,2016,161,8.4,,156479,"Action, Biography, Drama"
Kimi no na wa.,2016,106,8.4,79,194838,"Animation, Drama, Fantasy"
Ayla: The Daughter of War,2017,125,8.4,,34112,"Biography, Drama, History"
Coco,2017,105,8.4,81,384171,"Animation, Adventure, Family"
Vikram Vedha,2017,147,8.4,,28401,"Action, Crime, Drama"
Capharnaüm,2018,126,8.4,75,62635,Drama
Avengers: Infinity War,2018,149,8.4,68,834477,"Action, Adventure, Sci-Fi"
Spider-Man: Into the Spider-Verse,2018,117,8.4,87,375110,"Animation, Action, Adventure"
Avengers: Endgame,2019,181,8.4,78,809955,"Action, Adventure, Drama"
City Lights,1931,87,8.5,99,167839,"Comedy, Drama, Romance"
Modern Times,1936,87,8.5,96,217881,"Comedy, Drama, Family"
Casablanca,1942,102,8.5,100,522093,"Drama, Romance, War"
Psycho,1960,109,8.5,97,604211,"Horror, Mystery, Thriller"
Once Upon a Time in the West,1968,165,8.5,80,302844,Western
Back to the Future,1985,116,8.5,87,1058081,"Adventure, Comedy, Sci-Fi"
Hotaru no haka,1988,89,8.5,94,235231,"Animation, Drama, War"
Nuovo Cinema Paradiso,1988,155,8.5,80,230763,"Drama, Romance"
Terminator 2: Judgment Day,1991,137,8.5,75,995506,"Action, Sci-Fi"
Léon,1994,110,8.5,64,1035236,"Action, Crime, Drama"
The Lion King,1994,88,8.5,88,942045,"Animation, Adventure, Drama"
The Usual Suspects,1995,106,8.5,77,991208,"Crime, Mystery, Thriller"
American History X,1998,119,8.5,62,1034705,Drama
Gladiator,2000,155,8.5,67,1341460,"Action, Adventure, Drama"
The Pianist,2002,150,8.5,85,729603,"Biography, Drama, Music"
The Departed,2006,151,8.5,85,1189773,"Crime, Drama, Thriller"
The Prestige,2006,130,8.5,66,1190259,"Drama, Mystery, Sci-Fi"
The Intouchables,2011,112,8.5,57,760360,"Biography, Comedy, Drama"
Whiplash,2014,106,8.5,88,717585,"Drama, Music"
Joker,2019,122,8.5,59,939252,"Crime, Drama, Thriller"
It's a Wonderful Life,1946,130,8.6,89,405801,"Drama, Family, Fantasy"
Shichinin no samurai,1954,207,8.6,98,315744,"Action, Adventure, Drama"
Seppuku,1962,133,8.6,85,42004,"Action, Drama, Mystery"
Star Wars,1977,121,8.6,90,1231473,"Action, Adventure, Fantasy"
The Silence of the Lambs,1991,118,8.6,85,1270197,"Crime, Drama, Thriller"
Se7en,1995,127,8.6,65,1445096,"Crime, Drama, Mystery"
La vita è bella,1997,116,8.6,59,623629,"Comedy, Drama, Romance"
Saving Private Ryan,1998,169,8.6,91,1235804,"Drama, War"
The Green Mile,1999,189,8.6,61,1147794,"Crime, Drama, Fantasy"
Sen to Chihiro no kamikakushi,2001,125,8.6,96,651376,"Animation, Adventure, Family"
Cidade de Deus,2002,130,8.6,79,699256,"Crime, Drama"
Interstellar,2014,169,8.6,74,1512360,"Adventure, Drama, Sci-Fi"
Gisaengchung,2019,132,8.6,96,552778,"Comedy, Drama, Thriller"
Soorarai Pottru,2020,153,8.6,,54995,Drama
Hamilton,2020,160,8.6,90,55291,"Biography, Drama, History"
One Flew Over the Cuckoo's Nest,1975,133,8.7,83,918088,Drama
Star Wars: Episode V - The Empire Strikes Back,1980,124,8.7,82,1159315,"Action, Adventure, Fantasy"
Goodfellas,1990,146,8.7,90,1020727,"Biography, Crime, Drama"
The Matrix,1999,136,8.7,73,1676426,"Action, Sci-Fi"
The Lord of the Rings: The Two Towers,2002,179,8.7,87,1485555,"Action, Adventure, Drama"
"Il buono, il brutto, il cattivo",1966,161,8.8,90,688390,Western
Forrest Gump,1994,142,8.8,82,1809221,"Drama, Romance"
Fight Club,1999,139,8.8,66,1854740,Drama
The Lord of the Rings: The Fellowship of the Ring,2001,178,8.8,92,1661481,"Action, Adventure, Drama"
Inception,2010,148,8.8,74,2067042,"Action, Adventure, Sci-Fi"
Schindler's List,1993,195,8.9,94,1213505,"Biography, Drama, History"
Pulp Fiction,1994,154,8.9,94,1826188,"Crime, Drama"
The Lord of the Rings: The Return of the King,2003,201,8.9,94,1642758,"Action, Adventure, Drama"
12 Angry Men,1957,96,9.0,96,689845,"Crime, Drama"
The Godfather: Part II,1974,202,9.0,90,1129952,"Crime, Drama"
The Dark Knight,2008,152,9.0,84,2303232,"Action, Crime, Drama"
The Godfather,1972,175,9.2,100,1620367,"Crime, Drama"
The Shawshank Redemption,1994,142,9.3,80,2343110,Drama